1,"[7.95366667e+02 7.75566667e+02 7.54400000e+02 7.32900000e+02
 7.12300000e+02 6.91866667e+02 6.71766667e+02 6.50833333e+02
 6.30400000e+02 6.09900000e+02 5.91100000e+02 5.72433333e+02
 5.53433333e+02 5.33466667e+02 5.16400000e+02 4.98966667e+02
 4.81433333e+02 4.65100000e+02 4.49466667e+02 4.32500000e+02
 4.17300000e+02 4.02300000e+02 3.87966667e+02 3.74133333e+02
 3.61333333e+02 3.47400000e+02 3.34433333e+02 3.22333333e+02
 3.10333333e+02 2.99100000e+02 2.87533333e+02 2.77600000e+02
 2.67966667e+02 2.58566667e+02 2.49633333e+02 2.39600000e+02
 2.31533333e+02 2.22900000e+02 2.14033333e+02 2.05300000e+02
 1.98000000e+02 1.90400000e+02 1.82766667e+02 1.75366667e+02
 1.68033333e+02 1.61700000e+02 1.55233333e+02 1.49266667e+02
 1.43833333e+02 1.38533333e+02 1.32633333e+02 1.27400000e+02
 1.22633333e+02 1.17866667e+02 1.13333333e+02 1.07800000e+02
 1.03966667e+02 9.95333333e+01 9.50000000e+01 9.16666667e+01
 8.82333333e+01 8.54666667e+01 8.21333333e+01 7.85000000e+01
 7.52333333e+01 7.28000000e+01 7.01666667e+01 6.77666667e+01
 6.54333333e+01 6.30333333e+01 6.08666667e+01 5.84666667e+01
 5.59333333e+01 5.39000000e+01 5.20000000e+01 4.99000000e+01
 4.79000000e+01 4.58666667e+01 4.38666667e+01 4.19333333e+01
 4.02000000e+01 3.82333333e+01 3.66666667e+01 3.52333333e+01
 3.37000000e+01 3.24333333e+01 3.11333333e+01 3.01333333e+01
 2.93000000e+01 2.83666667e+01 2.71000000e+01 2.61666667e+01
 2.53666667e+01 2.42666667e+01 2.31666667e+01 2.20000000e+01
 2.12666667e+01 2.05000000e+01 1.96666667e+01 1.91000000e+01
 1.87333333e+01 1.82000000e+01 1.78000000e+01 1.72333333e+01
 1.68333333e+01 1.61000000e+01 1.54333333e+01 1.49000000e+01
 1.45666667e+01 1.38666667e+01 1.37333333e+01 1.34333333e+01
 1.30333333e+01 1.26333333e+01 1.20000000e+01 1.15000000e+01
 1.13333333e+01 1.10666667e+01 1.08000000e+01 1.04000000e+01
 1.00333333e+01 9.66666667e+00 9.50000000e+00 9.10000000e+00
 9.10000000e+00 8.66666667e+00 8.43333333e+00 8.16666667e+00
 7.80000000e+00 7.53333333e+00 7.36666667e+00 7.20000000e+00
 6.93333333e+00 6.66666667e+00 6.40000000e+00 6.26666667e+00
 6.10000000e+00 5.90000000e+00 5.76666667e+00 5.70000000e+00
 5.33333333e+00 5.06666667e+00 4.90000000e+00 4.66666667e+00
 4.53333333e+00 4.30000000e+00 4.16666667e+00 4.03333333e+00
 3.86666667e+00 3.76666667e+00 3.76666667e+00 3.70000000e+00
 3.60000000e+00 3.53333333e+00 3.43333333e+00 3.40000000e+00
 3.26666667e+00 3.20000000e+00 3.13333333e+00 3.06666667e+00
 2.96666667e+00 2.86666667e+00 2.80000000e+00 2.70000000e+00
 2.66666667e+00 2.66666667e+00 2.56666667e+00 2.56666667e+00
 2.43333333e+00 2.46666667e+00 2.53333333e+00 2.40000000e+00
 2.43333333e+00 2.33333333e+00 2.23333333e+00 2.20000000e+00
 2.06666667e+00 2.03333333e+00 2.06666667e+00 2.00000000e+00
 2.00000000e+00 1.96666667e+00 1.86666667e+00 1.83333333e+00
 1.83333333e+00 1.83333333e+00 1.86666667e+00 1.93333333e+00
 1.90000000e+00 1.86666667e+00 1.86666667e+00 1.90000000e+00
 1.90000000e+00 1.86666667e+00 1.80000000e+00 1.73333333e+00
 1.60000000e+00 1.60000000e+00 1.60000000e+00 1.53333333e+00
 1.50000000e+00 1.40000000e+00 1.30000000e+00 1.30000000e+00
 1.23333333e+00 1.23333333e+00 1.20000000e+00 1.20000000e+00
 1.16666667e+00 1.13333333e+00 1.10000000e+00 1.10000000e+00
 1.13333333e+00 1.06666667e+00 1.03333333e+00 9.66666667e-01
 9.33333333e-01 9.66666667e-01 9.66666667e-01 9.66666667e-01
 1.00000000e+00 1.00000000e+00 1.00000000e+00 1.00000000e+00
 9.66666667e-01 9.66666667e-01 9.66666667e-01 8.66666667e-01
 8.66666667e-01 8.66666667e-01 9.00000000e-01 9.00000000e-01
 9.33333333e-01 9.33333333e-01 9.33333333e-01 9.33333333e-01
 9.33333333e-01 9.33333333e-01 9.66666667e-01 9.33333333e-01
 9.33333333e-01 9.33333333e-01 9.33333333e-01 9.33333333e-01
 9.00000000e-01 9.00000000e-01 9.33333333e-01 9.00000000e-01
 9.00000000e-01 9.66666667e-01 9.66666667e-01 9.66666667e-01
 9.66666667e-01 9.66666667e-01 9.66666667e-01 9.33333333e-01
 9.33333333e-01 8.66666667e-01 8.66666667e-01 8.66666667e-01
 9.00000000e-01 9.33333333e-01 9.33333333e-01 8.66666667e-01
 8.66666667e-01 8.00000000e-01 7.33333333e-01 7.66666667e-01
 7.66666667e-01 7.66666667e-01 7.66666667e-01 7.66666667e-01
 7.00000000e-01 7.00000000e-01 7.00000000e-01 7.00000000e-01
 7.00000000e-01 7.00000000e-01 7.00000000e-01 6.66666667e-01
 6.66666667e-01 6.66666667e-01 6.66666667e-01 6.66666667e-01
 6.33333333e-01 6.33333333e-01 6.33333333e-01 6.33333333e-01
 6.33333333e-01 6.33333333e-01 6.33333333e-01 6.66666667e-01
 6.66666667e-01 6.33333333e-01 6.66666667e-01 6.66666667e-01
 7.00000000e-01 7.00000000e-01 7.33333333e-01 7.33333333e-01
 7.33333333e-01 7.66666667e-01 7.66666667e-01 7.66666667e-01
 8.00000000e-01 8.33333333e-01 8.33333333e-01 8.33333333e-01
 8.66666667e-01 8.66666667e-01 8.00000000e-01 8.33333333e-01
 7.66666667e-01 7.66666667e-01 8.00000000e-01 8.00000000e-01
 8.00000000e-01 8.33333333e-01 8.00000000e-01 7.66666667e-01
 7.33333333e-01 7.66666667e-01 7.66666667e-01 7.33333333e-01
 7.33333333e-01 7.33333333e-01 7.33333333e-01 6.66666667e-01
 6.66666667e-01 6.66666667e-01 6.66666667e-01 6.66666667e-01
 6.33333333e-01 6.00000000e-01 6.00000000e-01 6.33333333e-01
 6.00000000e-01 5.66666667e-01 5.66666667e-01 5.66666667e-01
 5.00000000e-01 5.00000000e-01 5.33333333e-01 5.33333333e-01
 5.00000000e-01 5.00000000e-01 5.00000000e-01 5.33333333e-01
 5.66666667e-01 6.00000000e-01 6.33333333e-01 6.00000000e-01
 5.66666667e-01 5.66666667e-01 5.66666667e-01 5.66666667e-01
 5.66666667e-01 5.33333333e-01 5.33333333e-01 5.00000000e-01
 5.00000000e-01 5.00000000e-01 5.00000000e-01 5.33333333e-01
 5.33333333e-01 5.33333333e-01 5.66666667e-01 5.33333333e-01
 5.66666667e-01 5.66666667e-01 5.66666667e-01 5.66666667e-01
 5.66666667e-01 5.66666667e-01 5.66666667e-01 6.33333333e-01
 6.66666667e-01 6.00000000e-01 6.33333333e-01 6.66666667e-01
 6.66666667e-01 7.33333333e-01 7.33333333e-01 7.66666667e-01
 7.66666667e-01 8.00000000e-01 8.00000000e-01 8.00000000e-01
 8.00000000e-01 8.00000000e-01 8.00000000e-01 8.33333333e-01
 8.33333333e-01 8.66666667e-01 8.66666667e-01 8.66666667e-01
 9.00000000e-01 9.33333333e-01 9.66666667e-01 9.66666667e-01
 1.00000000e+00]"
2,"[802.4        787.23333333 770.         752.73333333 734.63333333
 715.6        696.43333333 677.56666667 659.13333333 638.36666667
 619.7        603.23333333 586.2        568.86666667 551.33333333
 534.7        519.1        502.43333333 487.26666667 472.26666667
 457.86666667 443.43333333 429.56666667 416.         403.3
 389.33333333 377.46666667 365.66666667 352.         340.7
 330.43333333 319.43333333 308.3        297.83333333 288.23333333
 280.1        270.7        261.8        252.56666667 244.76666667
 237.2        229.06666667 220.63333333 213.4        206.33333333
 199.73333333 193.06666667 186.6        180.16666667 173.6
 167.4        162.16666667 157.1        152.16666667 147.4
 142.3        137.36666667 132.2        127.83333333 124.03333333
 119.76666667 115.46666667 111.9        108.1        104.53333333
 100.66666667  97.          93.46666667  90.16666667  87.
  83.7         80.53333333  77.26666667  74.93333333  72.63333333
  70.4         68.66666667  66.93333333  64.36666667  62.3
  60.36666667  59.          57.46666667  55.83333333  53.83333333
  52.23333333  50.6         49.2         47.56666667  46.1
  45.          43.4         42.33333333  41.06666667  39.86666667
  38.8         37.66666667  36.83333333  36.13333333  35.1
  33.93333333  33.          32.13333333  31.26666667  30.83333333
  30.06666667  29.56666667  28.76666667  28.1         27.2
  26.          25.56666667  25.23333333  24.63333333  23.93333333
  23.33333333  22.9         22.6         22.13333333  21.93333333
  21.46666667  21.2         20.53333333  20.23333333  19.66666667
  19.1         18.56666667  18.4         18.1         17.8
  17.7         17.3         17.03333333  16.76666667  16.36666667
  16.1         15.9         15.73333333  15.43333333  15.13333333
  15.13333333  14.86666667  14.53333333  14.36666667  14.3
  14.13333333  13.93333333  13.9         13.7         13.36666667
  13.1         12.93333333  12.7         12.53333333  12.6
  12.43333333  12.33333333  12.1         12.03333333  11.83333333
  11.76666667  11.73333333  11.86666667  11.73333333  11.43333333
  11.43333333  11.4         11.16666667  10.9         10.93333333
  10.86666667  10.76666667  10.8         10.76666667  10.6
  10.46666667  10.43333333  10.3         10.13333333  10.2
  10.1         10.          10.06666667   9.96666667   9.93333333
   9.9          9.8          9.8          9.5          9.46666667
   9.4          9.26666667   9.23333333   9.2          9.
   8.9          8.66666667   8.53333333   8.66666667   8.73333333
   8.73333333   8.73333333   8.73333333   8.73333333   8.73333333
   8.56666667   8.56666667   8.43333333   8.5          8.56666667
   8.6          8.56666667   8.63333333   8.63333333   8.7
   8.5          8.56666667   8.6          8.73333333   8.6
   8.46666667   8.56666667   8.63333333   8.56666667   8.73333333
   8.73333333   8.73333333   8.76666667   8.63333333   8.7
   8.5          8.53333333   8.6          8.66666667   8.6
   8.63333333   8.76666667   8.9          8.83333333   8.93333333
   8.8          8.83333333   8.93333333   8.83333333   8.86666667
   8.9          8.9          8.96666667   9.06666667   9.
   9.1          9.1          9.13333333   9.2          9.1
   9.13333333   9.23333333   9.26666667   9.26666667   9.36666667
   9.5          9.46666667   9.56666667   9.56666667   9.7
   9.66666667   9.73333333   9.73333333   9.76666667   9.83333333
   9.73333333   9.9          9.9          9.86666667   9.9
   9.86666667   9.8          9.9         10.13333333  10.2
  10.13333333  10.13333333  10.16666667  10.06666667   9.93333333
   9.93333333  10.03333333  10.1         10.1         10.16666667
  10.16666667  10.2         10.33333333  10.36666667  10.4
  10.3         10.5         10.56666667  10.73333333  10.66666667
  10.7         10.7         10.93333333  10.93333333  11.03333333
  11.03333333  11.1         11.          11.03333333  11.16666667
  11.06666667  11.          11.1         11.13333333  11.13333333
  11.3         11.33333333  11.3         11.36666667  11.56666667
  11.8         11.8         11.8         11.96666667  11.93333333
  12.13333333  12.23333333  12.26666667  12.33333333  12.33333333
  12.43333333  12.4         12.4         12.43333333  12.43333333
  12.4         12.16666667  12.33333333  12.5         12.6
  12.63333333  12.66666667  12.83333333  12.93333333  12.83333333
  12.86666667  13.          13.03333333  13.1         13.16666667
  13.13333333  13.2         13.13333333  12.93333333  12.8
  12.83333333  12.93333333  12.96666667  12.96666667  12.93333333
  12.96666667  13.13333333  13.33333333  13.53333333  13.6
  13.6         13.73333333  13.56666667  13.53333333  13.53333333
  13.56666667  13.53333333  13.46666667  13.36666667  13.36666667
  13.33333333  13.33333333  13.36666667  13.46666667  13.56666667
  13.63333333  13.83333333  14.1         14.1         14.06666667
  13.93333333  14.13333333  14.16666667  14.13333333  14.1
  13.93333333  13.9         13.96666667  13.93333333  13.96666667
  14.1         14.2         14.2         14.2         14.2
  14.1       ]"
3,"[798.06666667 787.66666667 775.1        761.06666667 745.36666667
 731.         716.23333333 701.56666667 685.13333333 668.43333333
 652.66666667 638.96666667 623.4        608.5        593.23333333
 578.5        564.1        549.03333333 535.46666667 522.
 508.16666667 496.33333333 483.93333333 472.1        460.5
 448.53333333 437.7        424.93333333 413.73333333 403.8
 394.2        383.96666667 374.7        365.66666667 355.2
 346.26666667 338.8        330.9        322.56666667 315.26666667
 307.16666667 299.9        292.26666667 285.16666667 277.06666667
 270.76666667 263.53333333 257.2        251.03333333 244.8
 238.76666667 232.93333333 226.36666667 220.9        216.53333333
 211.46666667 206.1        201.83333333 198.06666667 193.56666667
 188.83333333 185.13333333 181.16666667 177.6        173.9
 170.26666667 167.4        163.66666667 160.56666667 157.46666667
 153.83333333 150.4        146.56666667 142.66666667 138.86666667
 135.76666667 133.26666667 131.06666667 128.73333333 126.93333333
 124.9        122.86666667 120.46666667 119.13333333 117.16666667
 115.46666667 113.83333333 112.33333333 110.76666667 108.76666667
 107.93333333 105.96666667 104.26666667 102.96666667 102.03333333
 100.93333333 100.5         99.4         98.6         98.03333333
  96.96666667  96.06666667  95.63333333  95.26666667  94.43333333
  93.53333333  92.73333333  92.36666667  91.76666667  91.03333333
  90.46666667  90.06666667  89.63333333  88.93333333  88.2
  87.43333333  87.03333333  86.63333333  86.03333333  85.5
  85.          84.56666667  84.23333333  84.13333333  83.76666667
  83.26666667  83.13333333  82.53333333  82.13333333  82.06666667
  81.76666667  81.7         81.2         80.76666667  80.56666667
  79.73333333  79.7         79.16666667  79.06666667  78.66666667
  78.46666667  78.06666667  77.7         77.63333333  77.66666667
  77.43333333  77.5         77.26666667  77.53333333  77.63333333
  77.33333333  77.          77.23333333  77.4         77.16666667
  77.16666667  77.53333333  77.5         77.83333333  78.4
  78.76666667  79.16666667  79.53333333  79.8         79.96666667
  80.16666667  80.26666667  80.2         80.4         80.4
  80.13333333  80.46666667  80.6         80.63333333  81.1
  81.23333333  81.33333333  81.36666667  81.66666667  81.66666667
  82.3         82.6         82.46666667  82.5         82.9
  82.83333333  83.06666667  82.86666667  83.23333333  83.33333333
  83.6         83.66666667  84.13333333  84.63333333  85.13333333
  85.1         85.1         85.43333333  85.73333333  86.2
  85.83333333  85.86666667  85.6         85.93333333  86.23333333
  86.7         87.33333333  87.66666667  88.26666667  88.4
  88.8         89.03333333  89.73333333  89.83333333  91.
  91.26666667  91.43333333  92.03333333  92.4         92.8
  93.13333333  93.46666667  93.56666667  93.8         94.2
  94.3         94.8         95.16666667  95.53333333  95.53333333
  95.93333333  96.43333333  97.          97.5         98.4
  98.6         99.03333333  99.46666667  99.56666667  99.93333333
 100.43333333 100.9        101.         101.8        102.4
 103.26666667 103.53333333 103.83333333 104.8        104.7
 104.8        104.86666667 106.23333333 106.33333333 106.23333333
 106.4        106.76666667 107.36666667 108.3        108.43333333
 108.93333333 109.4        109.93333333 110.53333333 111.33333333
 111.7        112.36666667 112.43333333 112.83333333 113.33333333
 114.26666667 114.93333333 115.5        116.3        116.86666667
 117.3        118.16666667 119.06666667 119.56666667 120.43333333
 120.93333333 121.63333333 122.23333333 122.6        123.
 123.73333333 123.9        124.33333333 124.86666667 125.43333333
 126.2        126.76666667 127.46666667 127.66666667 127.76666667
 128.8        129.73333333 130.36666667 130.53333333 130.9
 131.2        132.1        132.7        133.33333333 134.3
 134.96666667 134.96666667 136.1        136.43333333 137.5
 138.13333333 138.7        139.23333333 140.36666667 141.1
 141.         141.16666667 141.93333333 142.06666667 143.
 143.         143.5        144.26666667 144.73333333 146.3
 146.76666667 147.33333333 148.         148.36666667 148.83333333
 149.36666667 149.8        150.66666667 151.53333333 152.6
 153.16666667 154.06666667 154.8        155.3        156.
 156.4        156.63333333 157.13333333 157.73333333 158.3
 159.03333333 159.5        160.3        160.63333333 161.53333333
 162.23333333 163.03333333 163.66666667 164.13333333 165.5
 166.26666667 167.03333333 167.7        168.73333333 169.73333333
 170.76666667 171.33333333 172.46666667 173.23333333 173.9
 174.66666667 175.43333333 176.4        177.         177.56666667
 177.7        178.46666667 179.3        180.53333333 181.56666667
 182.23333333 183.36666667 184.43333333 184.96666667 185.
 185.         186.06666667 186.7        187.13333333 188.1
 188.9        189.76666667 190.33333333 191.2        191.8
 192.6        193.26666667 193.93333333 194.23333333 195.13333333
 195.6        196.13333333 197.33333333 197.66666667 198.8
 199.36666667]"
4,"[796.36666667 790.23333333 784.3        775.93333333 766.66666667
 756.86666667 747.76666667 738.6        728.8        718.66666667
 709.43333333 698.4        689.3        679.16666667 668.26666667
 658.53333333 648.2        638.         629.5        619.26666667
 609.83333333 601.5        592.7        582.56666667 574.7
 564.96666667 556.8        547.8        540.53333333 533.
 525.76666667 518.3        511.9        504.26666667 497.83333333
 490.43333333 482.96666667 476.13333333 470.43333333 463.4
 457.4        451.06666667 444.03333333 436.96666667 430.63333333
 425.66666667 419.86666667 415.1        410.46666667 405.83333333
 400.86666667 396.3        391.5        387.03333333 382.83333333
 378.36666667 374.23333333 370.73333333 366.7        364.2
 361.06666667 358.26666667 354.66666667 350.3        347.56666667
 344.8        342.06666667 338.66666667 335.93333333 332.86666667
 331.23333333 329.03333333 325.7        323.5        321.73333333
 318.86666667 317.06666667 315.33333333 312.66666667 309.53333333
 307.43333333 305.9        305.03333333 303.66666667 300.9
 299.7        298.4        296.9        295.76666667 295.33333333
 293.9        292.1        291.16666667 289.8        287.8
 286.9        286.7        286.46666667 285.76666667 285.8
 285.7        285.23333333 284.8        284.1        283.8
 282.76666667 282.03333333 281.36666667 282.06666667 281.93333333
 280.63333333 280.63333333 280.56666667 279.16666667 279.96666667
 280.73333333 280.         279.96666667 280.43333333 280.23333333
 280.5        279.56666667 279.33333333 279.8        279.6
 280.06666667 280.36666667 280.         280.16666667 280.33333333
 281.03333333 280.7        281.26666667 282.26666667 283.3
 284.26666667 284.66666667 285.26666667 285.13333333 285.
 285.66666667 286.43333333 286.5        286.53333333 288.13333333
 288.36666667 289.         289.63333333 289.6        289.46666667
 290.76666667 290.73333333 291.96666667 293.53333333 295.33333333
 295.7        296.3        297.4        298.76666667 299.86666667
 301.56666667 302.06666667 303.36666667 304.33333333 304.83333333
 306.36666667 307.5        308.2        309.46666667 309.96666667
 311.9        313.43333333 314.33333333 315.9        317.66666667
 318.6        319.46666667 320.66666667 322.23333333 323.46666667
 324.36666667 325.7        327.2        328.66666667 329.3
 331.23333333 333.2        333.86666667 335.26666667 336.2
 337.33333333 338.9        340.1        341.46666667 342.06666667
 343.36666667 344.56666667 346.1        347.03333333 347.9
 349.63333333 351.23333333 353.1        355.3        357.2
 358.46666667 360.2        361.46666667 362.73333333 363.96666667
 365.7        367.23333333 369.93333333 371.66666667 371.93333333
 373.23333333 374.36666667 376.23333333 378.76666667 379.73333333
 381.46666667 383.         385.2        386.86666667 387.83333333
 389.16666667 391.         392.23333333 393.06666667 395.4
 396.33333333 398.36666667 400.33333333 401.9        403.8
 405.93333333 408.03333333 409.33333333 410.63333333 412.36666667
 414.9        416.46666667 418.5        419.7        421.7
 423.3        425.03333333 426.93333333 428.2        430.43333333
 431.53333333 432.9        433.8        435.33333333 436.4
 437.43333333 438.6        441.9        443.76666667 446.43333333
 448.66666667 450.03333333 452.1        454.13333333 455.9
 458.26666667 459.4        461.5        462.66666667 465.63333333
 466.36666667 467.86666667 469.93333333 472.03333333 473.76666667
 476.2        477.13333333 478.56666667 481.43333333 482.8
 484.13333333 486.8        488.83333333 490.86666667 492.43333333
 494.43333333 497.16666667 499.7        501.6        503.66666667
 506.63333333 509.83333333 512.1        514.5        516.5
 517.76666667 519.5        521.16666667 523.33333333 525.9
 529.26666667 531.16666667 534.23333333 536.66666667 538.43333333
 541.         542.93333333 544.66666667 546.86666667 548.1
 550.83333333 553.76666667 555.53333333 557.83333333 559.23333333
 562.06666667 564.9        567.         568.3        571.2
 573.8        576.66666667 578.8        580.63333333 583.46666667
 585.73333333 588.43333333 590.         592.56666667 595.53333333
 598.4        600.03333333 602.1        604.33333333 606.33333333
 608.7        610.26666667 613.7        615.46666667 618.13333333
 620.16666667 624.1        625.86666667 627.76666667 630.26666667
 631.26666667 632.26666667 634.4        636.4        637.9
 640.36666667 642.3        643.86666667 645.1        647.1
 648.86666667 649.8        651.9        654.2        656.43333333
 658.46666667 659.86666667 661.73333333 663.9        665.9
 668.96666667 671.66666667 674.         674.96666667 676.86666667
 679.16666667 681.36666667 683.36666667 685.26666667 687.46666667
 689.13333333 691.96666667 693.5        696.23333333 697.6
 700.26666667 702.26666667 703.8        705.66666667 707.5
 709.33333333 711.46666667 713.4        715.13333333 717.26666667
 719.8        722.         724.5        726.9        729.5
 732.         733.3        735.66666667 738.06666667 740.5
 742.3       ]"
5,"[ 803.03333333  801.4         800.63333333  798.53333333  795.66666667
  790.86666667  787.43333333  784.2         779.9         774.83333333
  770.36666667  765.56666667  761.26666667  757.3         751.53333333
  746.9         741.8         736.66666667  732.66666667  727.3
  723.          717.7         712.56666667  707.63333333  704.66666667
  700.76666667  697.16666667  693.13333333  689.96666667  686.3
  682.53333333  678.9         675.43333333  672.93333333  670.46666667
  666.86666667  662.96666667  661.4         660.26666667  658.03333333
  655.13333333  652.96666667  650.          647.46666667  644.6
  642.7         641.03333333  638.46666667  636.76666667  635.9
  634.9         632.46666667  631.1         629.9         627.53333333
  626.3         623.63333333  622.2         620.3         619.9
  619.36666667  618.6         618.43333333  616.53333333  615.86666667
  615.26666667  615.3         614.06666667  613.73333333  613.5
  612.43333333  613.2         612.53333333  613.96666667  614.76666667
  614.66666667  614.53333333  614.36666667  613.93333333  613.63333333
  614.06666667  614.36666667  615.86666667  615.93333333  615.93333333
  616.63333333  617.53333333  618.43333333  619.23333333  619.83333333
  620.13333333  621.43333333  622.03333333  623.4         624.66666667
  625.9         627.13333333  628.          628.1         629.66666667
  631.6         633.4         634.23333333  636.06666667  636.36666667
  638.26666667  639.          641.          642.43333333  645.
  646.4         647.7         649.16666667  650.6         652.96666667
  654.66666667  655.5         657.26666667  659.73333333  661.76666667
  664.56666667  666.9         669.2         670.5         672.36666667
  674.96666667  676.43333333  678.43333333  681.3         683.36666667
  686.6         688.73333333  691.03333333  693.          695.46666667
  698.26666667  700.26666667  703.63333333  704.96666667  706.86666667
  709.1         712.06666667  715.23333333  716.33333333  719.16666667
  721.06666667  722.83333333  724.76666667  727.23333333  729.9
  731.86666667  734.86666667  736.7         740.16666667  742.96666667
  746.4         748.86666667  751.76666667  754.2         756.56666667
  760.16666667  763.1         765.43333333  768.53333333  771.36666667
  774.36666667  777.5         780.93333333  783.76666667  787.13333333
  790.23333333  793.26666667  795.66666667  798.06666667  801.53333333
  804.86666667  807.6         811.56666667  813.9         817.13333333
  820.1         822.46666667  825.03333333  828.13333333  829.86666667
  833.13333333  836.63333333  839.2         842.2         844.96666667
  848.5         851.93333333  855.26666667  858.83333333  862.
  865.06666667  867.86666667  871.9         875.          877.53333333
  880.7         883.16666667  886.2         889.33333333  892.03333333
  893.76666667  896.8         899.8         902.16666667  904.86666667
  908.3         911.46666667  915.6         918.73333333  922.1
  924.83333333  927.5         929.43333333  932.1         934.33333333
  938.33333333  941.36666667  944.83333333  948.43333333  952.13333333
  955.03333333  958.1         961.56666667  964.          966.43333333
  971.73333333  974.93333333  977.66666667  981.23333333  985.03333333
  988.43333333  991.86666667  995.7         999.16666667 1001.9
 1004.26666667 1007.         1009.76666667 1012.93333333 1016.1
 1019.2        1022.03333333 1025.2        1027.6        1031.53333333
 1034.7        1038.         1041.53333333 1044.06666667 1046.86666667
 1049.2        1052.63333333 1055.43333333 1058.3        1060.93333333
 1064.06666667 1066.33333333 1068.56666667 1071.1        1074.5
 1077.1        1079.9        1083.03333333 1085.96666667 1088.13333333
 1090.46666667 1092.93333333 1095.93333333 1097.63333333 1100.16666667
 1102.13333333 1105.2        1106.9        1109.43333333 1111.53333333
 1114.73333333 1117.26666667 1119.         1121.5        1123.76666667
 1125.93333333 1127.26666667 1129.86666667 1132.76666667 1136.26666667
 1139.73333333 1142.8        1144.76666667 1147.23333333 1150.63333333
 1153.66666667 1155.4        1156.8        1158.63333333 1160.53333333
 1163.23333333 1165.7        1168.6        1170.06666667 1172.7
 1175.13333333 1176.5        1177.03333333 1179.63333333 1181.63333333
 1183.7        1185.9        1187.96666667 1189.9        1191.63333333
 1194.13333333 1196.56666667 1199.03333333 1200.96666667 1202.63333333
 1205.5        1208.         1209.53333333 1212.13333333 1214.76666667
 1217.43333333 1219.53333333 1221.7        1223.83333333 1226.53333333
 1229.46666667 1230.9        1232.3        1234.7        1235.73333333
 1238.         1240.93333333 1242.66666667 1244.56666667 1246.6
 1248.9        1250.73333333 1252.2        1253.86666667 1255.86666667
 1258.3        1260.2        1262.33333333 1264.96666667 1265.6
 1267.9        1269.66666667 1272.36666667 1273.7        1275.2
 1277.06666667 1280.03333333 1282.         1283.3        1285.23333333
 1288.06666667 1288.96666667 1291.36666667 1292.63333333 1295.1
 1297.16666667 1299.03333333 1301.6        1302.56666667 1305.1
 1306.8        1309.4        1310.93333333 1312.93333333 1315.66666667
 1317.23333333 1318.8        1321.23333333 1322.53333333 1325.13333333
 1326.86666667 1327.93333333 1328.         1329.8        1332.16666667
 1334.33333333 1335.76666667 1337.66666667 1339.06666667 1340.66666667
 1342.03333333 1343.86666667 1345.06666667 1347.36666667 1349.16666667
 1350.16666667 1351.06666667 1352.23333333 1353.3        1354.76666667
 1357.2       ]"
6,"[ 801.93333333  804.13333333  807.33333333  809.53333333  810.03333333
  811.06666667  812.53333333  812.56666667  813.06666667  811.96666667
  812.33333333  811.7         810.96666667  811.13333333  812.
  811.06666667  810.96666667  811.83333333  810.86666667  811.6
  811.9         811.33333333  811.9         811.8         811.5
  810.4         810.13333333  810.63333333  810.36666667  809.73333333
  810.26666667  811.4         811.6         811.36666667  811.06666667
  811.3         812.53333333  813.8         814.9         815.93333333
  817.26666667  820.          820.93333333  822.2         823.53333333
  825.6         826.63333333  828.3         829.8         831.53333333
  833.36666667  835.2         838.2         839.73333333  842.66666667
  844.86666667  846.2         849.6         851.1         853.8
  855.53333333  857.2         859.4         861.66666667  862.63333333
  864.36666667  865.8         867.8         868.5         871.63333333
  873.3         875.76666667  878.13333333  880.06666667  882.63333333
  884.8         888.06666667  890.8         893.56666667  897.03333333
  899.56666667  902.53333333  905.76666667  908.36666667  911.16666667
  913.5         915.7         918.3         921.          924.46666667
  927.13333333  929.66666667  932.7         935.7         938.9
  942.36666667  944.46666667  947.16666667  950.53333333  954.13333333
  958.03333333  960.          963.56666667  965.9         968.5
  972.36666667  976.06666667  979.86666667  981.86666667  985.26666667
  987.73333333  990.76666667  993.56666667  996.53333333  999.6
 1003.4        1007.5        1010.66666667 1015.06666667 1019.4
 1022.23333333 1025.63333333 1030.26666667 1034.         1037.3
 1039.3        1042.03333333 1044.16666667 1046.96666667 1051.
 1054.36666667 1058.83333333 1061.63333333 1064.36666667 1067.03333333
 1071.26666667 1074.16666667 1076.96666667 1079.5        1083.33333333
 1087.83333333 1090.73333333 1094.06666667 1097.7        1101.03333333
 1104.66666667 1107.9        1110.46666667 1113.3        1118.8
 1123.33333333 1125.33333333 1127.7        1130.63333333 1133.13333333
 1136.33333333 1138.9        1141.8        1143.96666667 1147.
 1150.3        1153.53333333 1156.4        1160.03333333 1164.03333333
 1167.5        1170.93333333 1174.1        1176.76666667 1179.66666667
 1182.86666667 1185.66666667 1188.76666667 1192.26666667 1196.06666667
 1198.66666667 1201.4        1203.63333333 1207.         1210.3
 1212.93333333 1215.5        1218.5        1222.4        1224.43333333
 1228.7        1231.06666667 1234.43333333 1237.8        1241.13333333
 1244.36666667 1246.83333333 1250.1        1252.46666667 1255.23333333
 1257.33333333 1259.63333333 1261.7        1265.5        1268.73333333
 1271.1        1273.4        1276.46666667 1279.83333333 1282.13333333
 1284.7        1287.2        1289.96666667 1291.7        1294.4
 1297.63333333 1300.23333333 1302.7        1305.06666667 1307.23333333
 1310.1        1312.5        1314.8        1317.26666667 1319.63333333
 1322.3        1324.4        1326.03333333 1326.83333333 1329.53333333
 1331.9        1333.9        1336.6        1338.2        1340.5
 1341.83333333 1344.23333333 1345.86666667 1348.1        1351.53333333
 1353.36666667 1355.9        1357.8        1360.46666667 1362.76666667
 1365.66666667 1367.2        1369.2        1372.23333333 1374.5
 1376.53333333 1378.6        1380.2        1383.         1384.63333333
 1386.03333333 1388.8        1390.93333333 1392.63333333 1394.43333333
 1396.76666667 1398.63333333 1400.5        1402.8        1405.4
 1407.33333333 1408.96666667 1410.83333333 1412.16666667 1414.13333333
 1416.         1417.96666667 1419.93333333 1421.06666667 1422.33333333
 1424.16666667 1426.13333333 1427.8        1429.43333333 1431.03333333
 1432.5        1434.13333333 1436.16666667 1437.63333333 1439.83333333
 1441.06666667 1442.56666667 1443.96666667 1445.5        1446.8
 1447.53333333 1448.4        1449.56666667 1450.8        1451.66666667
 1452.56666667 1454.03333333 1455.26666667 1456.66666667 1458.7
 1459.9        1460.1        1460.73333333 1461.83333333 1463.4
 1464.86666667 1466.2        1467.1        1468.23333333 1470.13333333
 1471.13333333 1472.66666667 1473.86666667 1475.26666667 1476.9
 1478.         1479.13333333 1480.36666667 1481.63333333 1482.4
 1483.56666667 1484.73333333 1487.03333333 1487.76666667 1489.4
 1490.36666667 1491.26666667 1492.1        1493.         1493.86666667
 1494.83333333 1496.1        1497.1        1498.2        1499.36666667
 1500.43333333 1502.06666667 1503.8        1504.5        1505.23333333
 1505.86666667 1506.53333333 1507.5        1508.         1508.86666667
 1509.8        1510.83333333 1511.13333333 1511.66666667 1512.66666667
 1513.13333333 1513.33333333 1514.13333333 1514.86666667 1515.9
 1517.43333333 1517.83333333 1518.56666667 1519.03333333 1519.7
 1521.         1521.53333333 1522.1        1523.1        1523.6
 1524.33333333 1524.93333333 1525.96666667 1526.76666667 1527.56666667
 1528.66666667 1529.8        1530.43333333 1530.8        1531.86666667
 1532.56666667 1532.86666667 1532.86666667 1533.46666667 1534.66666667
 1535.53333333 1535.76666667 1536.46666667 1536.93333333 1537.9
 1538.43333333 1538.73333333 1539.23333333 1540.06666667 1540.5
 1541.13333333 1541.56666667 1541.86666667 1542.16666667 1542.8
 1543.43333333 1543.73333333 1544.2        1544.5        1545.
 1545.6        1545.96666667 1546.4        1547.53333333 1547.36666667
 1547.9       ]"
7,"[ 798.8         806.13333333  811.5         817.7         821.93333333
  825.66666667  828.66666667  831.8         834.66666667  838.66666667
  841.7         846.76666667  849.86666667  853.06666667  856.33333333
  859.8         861.63333333  864.1         866.5         870.56666667
  874.16666667  876.36666667  880.26666667  884.06666667  888.36666667
  892.7         896.76666667  901.23333333  904.33333333  907.53333333
  911.          914.1         917.63333333  922.23333333  926.4
  931.86666667  936.46666667  940.13333333  945.1         949.43333333
  952.73333333  957.66666667  960.26666667  964.43333333  968.33333333
  972.93333333  977.03333333  980.03333333  984.86666667  988.9
  992.8         997.13333333 1000.83333333 1005.13333333 1009.4
 1014.06666667 1019.33333333 1025.06666667 1030.4        1034.46666667
 1038.93333333 1042.33333333 1046.86666667 1051.93333333 1056.
 1060.03333333 1064.53333333 1070.73333333 1074.56666667 1080.1
 1083.3        1088.06666667 1092.66666667 1097.93333333 1102.76666667
 1107.2        1111.9        1116.56666667 1120.13333333 1125.13333333
 1129.63333333 1134.5        1140.13333333 1145.16666667 1148.83333333
 1152.76666667 1157.26666667 1161.23333333 1167.16666667 1171.6
 1176.5        1180.63333333 1184.43333333 1188.83333333 1193.4
 1198.3        1201.76666667 1206.16666667 1210.73333333 1214.96666667
 1219.83333333 1224.06666667 1227.9        1231.26666667 1234.9
 1239.3        1242.8        1246.6        1250.26666667 1254.13333333
 1257.56666667 1261.03333333 1264.83333333 1267.6        1271.46666667
 1274.9        1278.26666667 1281.73333333 1284.66666667 1288.56666667
 1292.53333333 1296.76666667 1300.4        1303.4        1306.76666667
 1309.66666667 1313.7        1317.8        1321.83333333 1325.16666667
 1327.73333333 1330.76666667 1333.86666667 1336.4        1339.63333333
 1342.13333333 1345.3        1348.56666667 1351.53333333 1353.76666667
 1356.4        1360.06666667 1363.13333333 1366.33333333 1369.43333333
 1372.46666667 1375.4        1378.36666667 1380.33333333 1383.8
 1387.03333333 1388.56666667 1391.33333333 1394.33333333 1395.96666667
 1399.16666667 1401.7        1404.9        1406.96666667 1409.26666667
 1411.43333333 1413.46666667 1415.63333333 1417.23333333 1419.06666667
 1421.63333333 1423.5        1425.7        1427.83333333 1430.2
 1433.4        1436.2        1437.9        1440.26666667 1442.06666667
 1443.9        1445.63333333 1447.56666667 1449.93333333 1452.1
 1453.9        1456.26666667 1458.93333333 1461.         1463.03333333
 1465.03333333 1466.73333333 1468.26666667 1469.9        1471.93333333
 1473.43333333 1475.46666667 1476.86666667 1478.2        1480.16666667
 1481.33333333 1483.         1484.96666667 1487.26666667 1489.23333333
 1490.7        1492.1        1493.66666667 1495.53333333 1497.16666667
 1498.36666667 1499.56666667 1500.96666667 1502.9        1504.36666667
 1505.5        1507.         1508.83333333 1509.96666667 1512.
 1513.6        1514.73333333 1516.16666667 1517.5        1518.9
 1519.63333333 1521.5        1522.         1523.23333333 1524.13333333
 1525.26666667 1527.2        1528.1        1529.66666667 1531.13333333
 1532.23333333 1533.33333333 1534.5        1535.2        1535.93333333
 1536.86666667 1537.56666667 1538.73333333 1539.33333333 1540.4
 1540.93333333 1541.9        1542.66666667 1543.46666667 1544.33333333
 1545.3        1545.9        1546.76666667 1547.06666667 1547.73333333
 1548.4        1549.03333333 1549.83333333 1550.2        1550.7
 1551.66666667 1552.63333333 1553.46666667 1554.3        1555.2
 1555.86666667 1556.8        1557.36666667 1557.56666667 1558.2
 1558.76666667 1559.33333333 1559.83333333 1560.5        1560.9
 1561.6        1561.86666667 1562.23333333 1562.86666667 1563.76666667
 1564.36666667 1564.6        1565.06666667 1565.76666667 1566.56666667
 1566.9        1566.83333333 1567.33333333 1567.63333333 1568.06666667
 1568.43333333 1568.66666667 1568.96666667 1569.1        1569.46666667
 1569.86666667 1570.26666667 1571.         1571.53333333 1571.83333333
 1572.16666667 1572.5        1572.96666667 1573.26666667 1573.46666667
 1573.86666667 1574.23333333 1574.6        1575.16666667 1575.63333333
 1575.7        1576.3        1576.33333333 1576.83333333 1577.03333333
 1577.53333333 1577.7        1577.83333333 1578.03333333 1578.
 1578.56666667 1578.53333333 1578.93333333 1579.13333333 1579.76666667
 1580.         1580.43333333 1580.9        1581.16666667 1581.06666667
 1581.13333333 1581.33333333 1581.56666667 1581.63333333 1581.73333333
 1581.96666667 1582.06666667 1582.36666667 1582.6        1582.76666667
 1583.13333333 1583.26666667 1583.63333333 1583.83333333 1584.06666667
 1584.46666667 1584.56666667 1584.73333333 1585.16666667 1585.23333333
 1585.3        1585.63333333 1585.9        1586.16666667 1586.26666667
 1586.66666667 1586.76666667 1586.93333333 1587.06666667 1587.06666667
 1587.5        1587.36666667 1587.93333333 1588.         1588.1
 1588.43333333 1588.36666667 1588.46666667 1588.53333333 1588.7
 1588.8        1588.96666667 1589.06666667 1589.3        1589.33333333
 1589.53333333 1589.76666667 1590.03333333 1590.33333333 1590.43333333
 1590.6        1590.7        1591.03333333 1591.26666667 1591.33333333
 1591.4        1591.56666667 1591.83333333 1591.9        1591.96666667
 1592.13333333 1592.16666667 1592.1        1592.23333333 1592.26666667
 1592.33333333 1592.63333333 1592.83333333 1592.9        1592.9
 1593.1        1593.26666667 1593.4        1593.5        1593.63333333
 1593.73333333]"
8,"[ 803.03333333  813.          821.76666667  829.2         835.66666667
  841.93333333  846.66666667  854.36666667  859.56666667  865.26666667
  871.03333333  875.13333333  881.96666667  887.96666667  895.13333333
  901.96666667  908.03333333  914.23333333  919.16666667  925.46666667
  932.36666667  937.93333333  944.23333333  950.66666667  957.46666667
  964.1         971.16666667  978.86666667  985.36666667  990.33333333
  996.86666667 1002.1        1009.26666667 1015.76666667 1022.7
 1028.86666667 1034.76666667 1039.8        1046.8        1051.93333333
 1059.66666667 1066.03333333 1071.9        1077.4        1082.7
 1088.73333333 1093.86666667 1099.5        1106.23333333 1112.36666667
 1118.7        1124.         1128.7        1133.6        1139.43333333
 1145.36666667 1151.33333333 1157.26666667 1162.2        1166.93333333
 1173.6        1179.06666667 1184.16666667 1191.2        1196.43333333
 1201.1        1206.         1209.8        1214.8        1220.96666667
 1226.         1232.6        1237.7        1242.83333333 1248.06666667
 1253.5        1258.26666667 1262.76666667 1268.1        1272.33333333
 1277.23333333 1281.43333333 1286.8        1291.53333333 1296.6
 1300.96666667 1306.13333333 1310.2        1315.33333333 1320.13333333
 1324.16666667 1328.33333333 1331.9        1335.7        1339.3
 1343.23333333 1347.26666667 1351.3        1354.33333333 1359.23333333
 1363.16666667 1366.46666667 1370.63333333 1374.5        1378.2
 1382.33333333 1385.7        1388.93333333 1391.6        1395.1
 1398.96666667 1402.93333333 1405.46666667 1408.2        1411.1
 1414.46666667 1417.53333333 1420.83333333 1424.4        1428.
 1430.76666667 1434.33333333 1436.86666667 1440.53333333 1442.33333333
 1444.53333333 1447.6        1449.7        1452.93333333 1455.86666667
 1458.2        1460.53333333 1462.8        1465.43333333 1467.36666667
 1469.63333333 1472.53333333 1474.7        1477.73333333 1480.36666667
 1482.66666667 1485.23333333 1486.96666667 1489.16666667 1491.26666667
 1493.1        1494.9        1496.9        1498.73333333 1500.56666667
 1502.4        1504.53333333 1506.73333333 1508.6        1509.96666667
 1511.46666667 1512.5        1513.73333333 1514.96666667 1516.56666667
 1518.26666667 1519.1        1520.56666667 1521.86666667 1523.43333333
 1524.9        1526.4        1527.56666667 1528.86666667 1530.36666667
 1531.5        1532.76666667 1534.13333333 1535.03333333 1536.23333333
 1537.1        1538.23333333 1539.3        1540.1        1541.53333333
 1542.73333333 1543.63333333 1544.86666667 1545.63333333 1546.53333333
 1547.8        1548.86666667 1550.23333333 1550.96666667 1552.26666667
 1553.26666667 1554.86666667 1555.53333333 1556.13333333 1557.43333333
 1558.26666667 1559.06666667 1559.66666667 1560.33333333 1561.33333333
 1562.2        1563.         1564.03333333 1564.73333333 1565.33333333
 1566.13333333 1566.86666667 1567.26666667 1567.43333333 1567.56666667
 1568.23333333 1568.7        1569.33333333 1569.73333333 1570.53333333
 1570.9        1571.73333333 1572.46666667 1573.1        1573.43333333
 1573.9        1574.36666667 1574.8        1575.1        1575.4
 1575.7        1576.06666667 1576.5        1576.63333333 1576.93333333
 1577.66666667 1577.86666667 1578.63333333 1579.13333333 1579.5
 1579.73333333 1580.23333333 1580.5        1581.16666667 1581.66666667
 1582.13333333 1582.3        1582.66666667 1583.26666667 1583.6
 1583.76666667 1583.9        1584.16666667 1584.5        1584.5
 1584.73333333 1584.83333333 1585.03333333 1585.06666667 1585.26666667
 1585.63333333 1585.93333333 1586.13333333 1586.56666667 1586.6
 1586.86666667 1587.26666667 1587.53333333 1587.7        1588.03333333
 1588.2        1588.5        1588.9        1589.2        1589.43333333
 1589.4        1589.5        1589.9        1589.96666667 1590.1
 1590.53333333 1590.73333333 1590.93333333 1591.         1591.
 1591.13333333 1591.36666667 1591.53333333 1591.63333333 1591.86666667
 1592.16666667 1592.43333333 1592.7        1593.03333333 1593.13333333
 1593.33333333 1593.23333333 1593.4        1593.43333333 1593.56666667
 1593.73333333 1593.83333333 1594.06666667 1594.2        1594.43333333
 1594.43333333 1594.53333333 1594.66666667 1594.83333333 1595.03333333
 1595.16666667 1595.3        1595.43333333 1595.56666667 1595.56666667
 1595.73333333 1595.9        1596.03333333 1596.03333333 1596.06666667
 1596.16666667 1596.3        1596.43333333 1596.53333333 1596.7
 1596.73333333 1596.8        1596.76666667 1596.93333333 1597.
 1597.2        1597.33333333 1597.4        1597.43333333 1597.5
 1597.53333333 1597.5        1597.5        1597.56666667 1597.53333333
 1597.43333333 1597.36666667 1597.5        1597.63333333 1597.66666667
 1597.73333333 1597.8        1597.76666667 1597.76666667 1597.8
 1597.9        1597.96666667 1598.06666667 1598.13333333 1598.16666667
 1598.16666667 1598.26666667 1598.4        1598.4        1598.5
 1598.5        1598.5        1598.5        1598.6        1598.63333333
 1598.66666667 1598.66666667 1598.73333333 1598.83333333 1598.8
 1598.83333333 1598.86666667 1598.83333333 1598.83333333 1598.8
 1598.83333333 1598.83333333 1598.83333333 1598.8        1598.8
 1598.76666667 1598.83333333 1598.76666667 1598.8        1598.76666667
 1598.8        1598.86666667 1598.86666667 1598.9        1598.93333333
 1598.83333333 1598.83333333 1598.86666667 1598.8        1598.86666667
 1598.93333333 1599.03333333 1599.         1598.93333333 1598.93333333
 1598.93333333 1598.96666667 1599.         1599.         1598.96666667
 1599.        ]"
9,"[ 794.76666667  806.56666667  816.23333333  826.36666667  834.16666667
  842.23333333  850.2         857.73333333  865.          874.03333333
  881.83333333  888.46666667  897.83333333  904.9         912.7
  921.7         928.83333333  936.13333333  944.36666667  953.03333333
  961.13333333  970.03333333  978.3         985.33333333  993.76666667
 1001.76666667 1009.66666667 1018.63333333 1026.03333333 1033.4
 1041.76666667 1049.         1056.66666667 1065.23333333 1075.2
 1082.83333333 1089.2        1095.8        1104.4        1112.3
 1119.33333333 1125.93333333 1134.46666667 1142.3        1148.6
 1155.16666667 1162.13333333 1169.16666667 1177.2        1183.66666667
 1190.03333333 1196.36666667 1203.46666667 1209.96666667 1216.96666667
 1224.26666667 1229.46666667 1236.33333333 1243.46666667 1249.93333333
 1256.56666667 1262.4        1268.96666667 1274.9        1280.7
 1286.         1291.23333333 1296.66666667 1303.33333333 1308.2
 1312.96666667 1317.13333333 1321.9        1327.46666667 1332.56666667
 1338.3        1343.9        1349.4        1354.73333333 1359.96666667
 1364.3        1367.83333333 1372.9        1377.23333333 1381.36666667
 1385.9        1390.4        1394.66666667 1398.96666667 1402.9
 1406.2        1409.7        1413.26666667 1416.7        1420.66666667
 1424.63333333 1427.63333333 1431.6        1434.83333333 1437.93333333
 1441.76666667 1445.13333333 1448.86666667 1452.9        1456.53333333
 1459.23333333 1462.23333333 1465.03333333 1467.43333333 1470.5
 1473.5        1477.03333333 1479.6        1483.16666667 1485.76666667
 1488.36666667 1491.         1493.46666667 1495.76666667 1497.93333333
 1500.7        1502.83333333 1505.33333333 1507.46666667 1509.33333333
 1511.56666667 1513.03333333 1514.9        1517.26666667 1519.66666667
 1521.3        1522.7        1524.2        1525.86666667 1527.83333333
 1529.53333333 1530.96666667 1532.33333333 1533.96666667 1536.
 1537.9        1539.33333333 1540.3        1541.53333333 1542.56666667
 1543.9        1545.46666667 1546.5        1547.9        1548.83333333
 1550.3        1551.6        1553.         1554.1        1554.83333333
 1555.73333333 1556.8        1558.13333333 1558.9        1560.4
 1561.46666667 1562.3        1563.3        1564.56666667 1565.03333333
 1566.1        1567.13333333 1568.1        1568.86666667 1569.83333333
 1570.56666667 1571.3        1571.76666667 1572.5        1573.06666667
 1573.53333333 1574.2        1574.7        1575.4        1575.7
 1576.53333333 1577.         1577.7        1578.2        1578.4
 1578.96666667 1579.8        1580.16666667 1580.73333333 1581.1
 1581.46666667 1581.76666667 1582.26666667 1582.83333333 1583.26666667
 1583.43333333 1583.73333333 1584.5        1584.96666667 1585.13333333
 1585.36666667 1585.73333333 1586.1        1586.36666667 1586.66666667
 1587.06666667 1587.63333333 1588.03333333 1588.4        1588.66666667
 1588.9        1589.23333333 1589.46666667 1589.73333333 1590.16666667
 1590.56666667 1590.6        1590.93333333 1591.1        1591.36666667
 1591.6        1591.83333333 1592.16666667 1592.46666667 1592.66666667
 1592.93333333 1593.1        1593.33333333 1593.36666667 1593.53333333
 1593.83333333 1593.93333333 1594.16666667 1594.36666667 1594.56666667
 1594.76666667 1594.9        1594.76666667 1594.76666667 1594.86666667
 1595.06666667 1595.06666667 1595.3        1595.43333333 1595.53333333
 1595.46666667 1595.5        1595.53333333 1595.56666667 1595.73333333
 1595.86666667 1596.06666667 1596.26666667 1596.4        1596.43333333
 1596.63333333 1596.76666667 1596.76666667 1596.9        1596.93333333
 1597.         1597.06666667 1597.23333333 1597.33333333 1597.4
 1597.5        1597.63333333 1597.7        1597.73333333 1597.76666667
 1597.8        1597.96666667 1598.03333333 1598.16666667 1598.16666667
 1598.26666667 1598.36666667 1598.5        1598.6        1598.6
 1598.7        1598.83333333 1598.83333333 1598.9        1598.9
 1598.9        1598.9        1598.86666667 1598.9        1598.96666667
 1598.96666667 1598.93333333 1598.96666667 1599.03333333 1599.1
 1599.1        1599.1        1599.16666667 1599.13333333 1599.16666667
 1599.16666667 1599.13333333 1599.13333333 1599.13333333 1599.2
 1599.2        1599.23333333 1599.23333333 1599.3        1599.33333333
 1599.4        1599.43333333 1599.43333333 1599.4        1599.4
 1599.4        1599.4        1599.43333333 1599.43333333 1599.46666667
 1599.46666667 1599.5        1599.53333333 1599.5        1599.53333333
 1599.53333333 1599.56666667 1599.6        1599.63333333 1599.63333333
 1599.63333333 1599.63333333 1599.63333333 1599.66666667 1599.66666667
 1599.66666667 1599.7        1599.7        1599.7        1599.7
 1599.7        1599.7        1599.7        1599.7        1599.7
 1599.73333333 1599.73333333 1599.7        1599.7        1599.7
 1599.76666667 1599.8        1599.8        1599.8        1599.8
 1599.83333333 1599.83333333 1599.83333333 1599.83333333 1599.83333333
 1599.83333333 1599.83333333 1599.83333333 1599.83333333 1599.83333333
 1599.83333333 1599.83333333 1599.83333333 1599.83333333 1599.83333333
 1599.83333333 1599.83333333 1599.83333333 1599.83333333 1599.83333333
 1599.83333333 1599.83333333 1599.83333333 1599.83333333 1599.83333333
 1599.8        1599.83333333 1599.83333333 1599.83333333 1599.83333333
 1599.83333333 1599.83333333 1599.83333333 1599.83333333 1599.83333333
 1599.9        1599.9        1599.9        1599.9        1599.9
 1599.9        1599.9        1599.9        1599.93333333 1599.93333333
 1599.93333333]"
10,"[ 797.86666667  810.66666667  820.8         832.4         843.16666667
  853.33333333  862.33333333  871.4         881.23333333  889.73333333
  898.66666667  907.3         915.96666667  925.56666667  935.46666667
  944.86666667  955.73333333  965.1         974.13333333  984.76666667
  992.86666667 1001.6        1012.13333333 1021.33333333 1030.93333333
 1038.7        1047.03333333 1056.63333333 1066.86666667 1074.9
 1083.46666667 1091.86666667 1100.83333333 1109.3        1117.43333333
 1126.26666667 1134.63333333 1142.         1149.83333333 1158.9
 1168.16666667 1176.9        1185.16666667 1192.9        1200.66666667
 1207.83333333 1215.86666667 1222.8        1230.4        1238.86666667
 1246.4        1253.1        1260.53333333 1267.86666667 1275.46666667
 1283.23333333 1289.36666667 1297.06666667 1303.46666667 1310.43333333
 1316.8        1322.83333333 1328.9        1334.53333333 1340.6
 1346.3        1352.33333333 1357.         1361.6        1367.3
 1372.63333333 1377.93333333 1382.86666667 1387.4        1392.36666667
 1397.4        1401.3        1405.76666667 1410.5        1414.73333333
 1417.93333333 1421.73333333 1426.26666667 1430.4        1434.33333333
 1438.53333333 1441.66666667 1445.33333333 1449.83333333 1453.76666667
 1457.2        1460.86666667 1464.3        1467.86666667 1471.06666667
 1475.13333333 1478.16666667 1481.23333333 1484.63333333 1487.43333333
 1490.43333333 1493.43333333 1496.66666667 1499.         1502.13333333
 1504.8        1507.9        1510.43333333 1512.56666667 1514.7
 1517.3        1519.1        1521.43333333 1523.63333333 1525.83333333
 1527.96666667 1529.33333333 1531.06666667 1532.6        1534.36666667
 1536.26666667 1538.63333333 1539.93333333 1541.6        1543.03333333
 1544.4        1545.86666667 1547.33333333 1548.96666667 1550.03333333
 1551.63333333 1552.8        1553.63333333 1554.76666667 1556.33333333
 1557.36666667 1558.73333333 1560.03333333 1561.3        1562.63333333
 1563.6        1564.46666667 1565.2        1565.86666667 1566.76666667
 1567.5        1568.56666667 1569.93333333 1571.13333333 1572.06666667
 1572.73333333 1573.5        1574.03333333 1574.9        1575.66666667
 1576.6        1577.46666667 1578.26666667 1578.53333333 1579.26666667
 1579.8        1580.33333333 1580.96666667 1581.3        1582.06666667
 1582.53333333 1583.23333333 1583.96666667 1584.4        1585.03333333
 1585.66666667 1586.3        1586.7        1587.1        1587.3
 1587.7        1588.         1588.46666667 1588.9        1589.2
 1589.46666667 1589.7        1590.         1590.13333333 1590.4
 1590.73333333 1590.96666667 1591.13333333 1591.26666667 1591.4
 1591.63333333 1591.86666667 1592.23333333 1592.4        1592.66666667
 1593.         1593.06666667 1593.3        1593.43333333 1593.53333333
 1593.56666667 1593.7        1593.93333333 1594.1        1594.33333333
 1594.63333333 1594.73333333 1595.         1595.1        1595.06666667
 1595.2        1595.16666667 1595.26666667 1595.33333333 1595.43333333
 1595.46666667 1595.56666667 1595.8        1596.         1596.03333333
 1596.2        1596.33333333 1596.4        1596.5        1596.63333333
 1596.63333333 1596.86666667 1597.03333333 1597.06666667 1597.06666667
 1597.13333333 1597.06666667 1597.1        1597.16666667 1597.1
 1597.23333333 1597.3        1597.43333333 1597.56666667 1597.63333333
 1597.7        1597.8        1597.76666667 1597.83333333 1597.96666667
 1597.96666667 1598.16666667 1598.2        1598.23333333 1598.26666667
 1598.4        1598.4        1598.4        1598.46666667 1598.43333333
 1598.46666667 1598.43333333 1598.46666667 1598.46666667 1598.56666667
 1598.56666667 1598.56666667 1598.6        1598.6        1598.6
 1598.63333333 1598.7        1598.66666667 1598.73333333 1598.8
 1598.83333333 1598.83333333 1598.76666667 1598.76666667 1598.83333333
 1598.86666667 1598.83333333 1598.93333333 1598.93333333 1598.96666667
 1599.03333333 1599.06666667 1599.2        1599.16666667 1599.16666667
 1599.23333333 1599.3        1599.3        1599.26666667 1599.26666667
 1599.3        1599.4        1599.4        1599.43333333 1599.43333333
 1599.53333333 1599.56666667 1599.6        1599.6        1599.63333333
 1599.63333333 1599.63333333 1599.63333333 1599.66666667 1599.66666667
 1599.73333333 1599.73333333 1599.73333333 1599.76666667 1599.76666667
 1599.76666667 1599.76666667 1599.76666667 1599.73333333 1599.73333333
 1599.73333333 1599.73333333 1599.73333333 1599.73333333 1599.73333333
 1599.73333333 1599.7        1599.73333333 1599.73333333 1599.73333333
 1599.73333333 1599.73333333 1599.73333333 1599.73333333 1599.76666667
 1599.76666667 1599.76666667 1599.86666667 1599.9        1599.9
 1599.9        1599.9        1599.86666667 1599.86666667 1599.86666667
 1599.86666667 1599.86666667 1599.86666667 1599.86666667 1599.86666667
 1599.86666667 1599.86666667 1599.86666667 1599.86666667 1599.86666667
 1599.83333333 1599.83333333 1599.83333333 1599.86666667 1599.86666667
 1599.86666667 1599.86666667 1599.86666667 1599.86666667 1599.86666667
 1599.86666667 1599.83333333 1599.83333333 1599.8        1599.8
 1599.8        1599.8        1599.8        1599.8        1599.76666667
 1599.76666667 1599.76666667 1599.76666667 1599.76666667 1599.8
 1599.83333333 1599.83333333 1599.83333333 1599.83333333 1599.86666667
 1599.86666667 1599.86666667 1599.86666667 1599.86666667 1599.86666667
 1599.86666667 1599.86666667 1599.86666667 1599.86666667 1599.86666667
 1599.93333333 1599.93333333 1599.93333333 1599.93333333 1599.93333333
 1599.93333333 1599.93333333 1599.93333333 1599.93333333 1599.93333333
 1599.93333333]"
11,"[ 804.4         815.46666667  827.83333333  839.86666667  849.06666667
  860.7         871.2         883.1         894.4         904.93333333
  914.76666667  924.9         935.66666667  946.63333333  957.83333333
  969.26666667  980.4         990.86666667 1002.         1013.26666667
 1023.56666667 1034.36666667 1045.         1054.56666667 1064.43333333
 1074.1        1084.53333333 1093.13333333 1101.33333333 1110.56666667
 1120.2        1129.3        1138.96666667 1147.1        1155.9
 1165.06666667 1173.83333333 1183.8        1193.03333333 1202.3
 1210.16666667 1218.9        1226.66666667 1233.56666667 1240.86666667
 1248.56666667 1256.         1264.56666667 1271.73333333 1278.36666667
 1284.43333333 1291.66666667 1298.76666667 1306.3        1312.76666667
 1319.76666667 1326.33333333 1333.56666667 1340.13333333 1346.6
 1353.03333333 1358.73333333 1364.1        1369.46666667 1375.9
 1381.4        1387.46666667 1392.96666667 1398.96666667 1404.8
 1409.13333333 1415.03333333 1419.76666667 1424.56666667 1429.03333333
 1433.1        1437.26666667 1440.96666667 1445.03333333 1448.83333333
 1453.         1457.4        1461.86666667 1465.33333333 1468.86666667
 1472.36666667 1475.13333333 1479.16666667 1482.8        1485.86666667
 1488.7        1492.53333333 1495.9        1499.16666667 1501.73333333
 1504.43333333 1507.23333333 1509.86666667 1512.13333333 1514.63333333
 1517.2        1519.43333333 1522.3        1524.16666667 1526.53333333
 1528.96666667 1530.76666667 1532.93333333 1535.33333333 1536.93333333
 1539.2        1540.83333333 1542.53333333 1544.36666667 1545.9
 1547.56666667 1549.33333333 1551.1        1552.46666667 1553.93333333
 1554.8        1556.1        1557.56666667 1559.         1560.03333333
 1561.33333333 1562.53333333 1563.63333333 1564.93333333 1565.8
 1566.43333333 1567.66666667 1568.83333333 1569.46666667 1570.36666667
 1571.36666667 1572.1        1573.26666667 1574.26666667 1575.13333333
 1575.8        1576.63333333 1577.36666667 1578.06666667 1579.03333333
 1579.43333333 1580.1        1580.43333333 1580.83333333 1581.63333333
 1582.03333333 1582.83333333 1583.4        1584.         1584.7
 1585.36666667 1585.86666667 1586.26666667 1586.76666667 1587.16666667
 1587.63333333 1587.83333333 1588.23333333 1588.8        1589.4
 1589.93333333 1590.26666667 1590.73333333 1590.86666667 1591.2
 1591.5        1591.76666667 1592.23333333 1592.5        1592.86666667
 1593.03333333 1593.3        1593.56666667 1593.76666667 1593.93333333
 1594.03333333 1594.23333333 1594.46666667 1594.7        1594.83333333
 1595.         1595.16666667 1595.33333333 1595.5        1595.76666667
 1595.83333333 1596.06666667 1596.4        1596.43333333 1596.63333333
 1596.86666667 1597.03333333 1597.2        1597.26666667 1597.26666667
 1597.4        1597.46666667 1597.56666667 1597.7        1597.83333333
 1598.         1598.13333333 1598.2        1598.26666667 1598.3
 1598.33333333 1598.36666667 1598.46666667 1598.5        1598.5
 1598.5        1598.6        1598.6        1598.63333333 1598.63333333
 1598.6        1598.66666667 1598.73333333 1598.83333333 1598.83333333
 1598.9        1598.96666667 1599.         1599.06666667 1599.16666667
 1599.2        1599.23333333 1599.3        1599.4        1599.46666667
 1599.5        1599.5        1599.5        1599.56666667 1599.56666667
 1599.6        1599.63333333 1599.63333333 1599.63333333 1599.63333333
 1599.6        1599.63333333 1599.66666667 1599.66666667 1599.7
 1599.7        1599.7        1599.7        1599.7        1599.7
 1599.7        1599.73333333 1599.76666667 1599.76666667 1599.8
 1599.8        1599.8        1599.83333333 1599.83333333 1599.8
 1599.8        1599.8        1599.8        1599.83333333 1599.83333333
 1599.86666667 1599.86666667 1599.83333333 1599.83333333 1599.83333333
 1599.83333333 1599.83333333 1599.83333333 1599.83333333 1599.86666667
 1599.86666667 1599.9        1599.9        1599.9        1599.9
 1599.9        1599.93333333 1599.93333333 1599.93333333 1599.93333333
 1599.93333333 1599.93333333 1599.93333333 1599.93333333 1599.93333333
 1599.96666667 1599.96666667 1599.96666667 1599.96666667 1599.96666667
 1599.96666667 1600.         1600.         1600.         1600.
 1600.         1600.         1600.         1600.         1600.
 1600.         1600.         1600.         1600.         1600.
 1600.         1600.         1600.         1600.         1600.
 1600.         1600.         1600.         1600.         1600.
 1600.         1600.         1600.         1600.         1600.
 1600.         1600.         1600.         1600.         1600.
 1600.         1600.         1600.         1600.         1600.
 1600.         1600.         1600.         1600.         1600.
 1600.         1600.         1600.         1600.         1600.
 1600.         1600.         1600.         1600.         1600.
 1600.         1600.         1600.         1600.         1600.
 1600.         1600.         1600.         1600.         1600.
 1600.         1600.         1600.         1600.         1600.
 1600.         1600.         1600.         1600.         1600.
 1600.         1600.         1600.         1600.         1600.
 1600.         1600.         1600.         1600.         1600.
 1600.         1600.         1600.         1600.         1600.
 1600.         1600.         1600.         1600.         1600.
 1600.         1600.         1600.         1600.         1600.
 1600.        ]"
12,"[ 801.03333333  812.43333333  824.7         837.43333333  849.63333333
  862.83333333  875.16666667  887.43333333  899.36666667  912.1
  923.96666667  934.6         944.5         956.23333333  968.76666667
  980.3         991.76666667 1003.13333333 1015.1        1026.2
 1036.6        1046.5        1057.5        1068.63333333 1079.23333333
 1089.66666667 1100.         1110.9        1122.3        1132.5
 1143.06666667 1153.16666667 1163.23333333 1172.3        1182.53333333
 1193.46666667 1202.5        1211.73333333 1221.26666667 1228.83333333
 1237.93333333 1246.56666667 1255.43333333 1263.66666667 1272.13333333
 1280.1        1289.16666667 1297.66666667 1304.13333333 1311.23333333
 1318.6        1326.8        1333.         1341.16666667 1348.93333333
 1355.23333333 1362.06666667 1368.9        1374.86666667 1381.43333333
 1387.96666667 1393.4        1398.23333333 1403.93333333 1411.06666667
 1417.1        1421.73333333 1426.46666667 1431.2        1436.53333333
 1441.5        1445.96666667 1450.3        1454.7        1459.
 1462.93333333 1467.96666667 1472.16666667 1476.23333333 1479.8
 1483.96666667 1488.53333333 1492.13333333 1494.9        1497.9
 1501.33333333 1503.86666667 1506.23333333 1509.06666667 1511.96666667
 1514.43333333 1516.53333333 1519.46666667 1521.8        1524.4
 1527.1        1529.26666667 1531.33333333 1533.76666667 1535.76666667
 1537.86666667 1540.06666667 1542.2        1544.         1546.1
 1548.23333333 1549.83333333 1551.5        1553.1        1554.66666667
 1555.56666667 1556.86666667 1558.4        1559.73333333 1560.86666667
 1562.76666667 1564.16666667 1565.46666667 1566.73333333 1568.06666667
 1569.16666667 1570.43333333 1571.16666667 1572.26666667 1573.1
 1574.1        1574.66666667 1575.5        1576.56666667 1577.3
 1578.06666667 1578.86666667 1579.66666667 1580.46666667 1581.26666667
 1581.96666667 1582.86666667 1583.6        1584.26666667 1584.7
 1585.16666667 1585.63333333 1586.2        1586.56666667 1586.9
 1587.36666667 1587.8        1588.06666667 1588.5        1588.96666667
 1589.1        1589.56666667 1590.03333333 1590.6        1590.93333333
 1591.13333333 1591.36666667 1591.9        1592.03333333 1592.43333333
 1592.7        1593.03333333 1593.4        1593.63333333 1593.9
 1594.03333333 1594.2        1594.56666667 1594.6        1594.86666667
 1595.03333333 1595.13333333 1595.2        1595.4        1595.46666667
 1595.6        1595.76666667 1595.9        1595.93333333 1596.26666667
 1596.4        1596.56666667 1596.63333333 1596.83333333 1596.86666667
 1596.9        1597.13333333 1597.23333333 1597.36666667 1597.46666667
 1597.63333333 1597.73333333 1597.86666667 1598.06666667 1598.13333333
 1598.2        1598.26666667 1598.3        1598.33333333 1598.4
 1598.4        1598.5        1598.5        1598.56666667 1598.63333333
 1598.7        1598.73333333 1598.73333333 1598.76666667 1598.8
 1598.83333333 1598.86666667 1598.9        1598.93333333 1599.
 1599.03333333 1599.06666667 1599.13333333 1599.13333333 1599.1
 1599.1        1599.16666667 1599.23333333 1599.23333333 1599.3
 1599.33333333 1599.33333333 1599.4        1599.43333333 1599.46666667
 1599.46666667 1599.5        1599.5        1599.5        1599.5
 1599.56666667 1599.56666667 1599.56666667 1599.56666667 1599.56666667
 1599.6        1599.6        1599.66666667 1599.66666667 1599.66666667
 1599.66666667 1599.7        1599.7        1599.7        1599.76666667
 1599.76666667 1599.8        1599.83333333 1599.83333333 1599.83333333
 1599.83333333 1599.83333333 1599.83333333 1599.83333333 1599.83333333
 1599.8        1599.8        1599.8        1599.8        1599.8
 1599.8        1599.83333333 1599.83333333 1599.83333333 1599.83333333
 1599.83333333 1599.83333333 1599.83333333 1599.86666667 1599.9
 1599.9        1599.9        1599.93333333 1599.93333333 1599.93333333
 1599.93333333 1599.93333333 1599.9        1599.9        1599.9
 1599.96666667 1599.96666667 1599.96666667 1599.96666667 1599.96666667
 1599.96666667 1599.96666667 1599.96666667 1599.96666667 1599.96666667
 1599.96666667 1599.96666667 1599.96666667 1599.96666667 1599.96666667
 1600.         1600.         1600.         1600.         1600.
 1600.         1600.         1600.         1600.         1600.
 1600.         1600.         1600.         1600.         1600.
 1600.         1600.         1600.         1600.         1600.
 1600.         1600.         1600.         1600.         1600.
 1600.         1600.         1600.         1600.         1600.
 1600.         1600.         1600.         1600.         1600.
 1600.         1600.         1600.         1600.         1600.
 1600.         1600.         1600.         1600.         1600.
 1600.         1600.         1600.         1600.         1600.
 1600.         1600.         1600.         1600.         1600.
 1600.         1600.         1600.         1600.         1600.
 1600.         1600.         1600.         1600.         1600.
 1600.         1600.         1600.         1600.         1600.
 1600.         1600.         1600.         1600.         1600.
 1600.         1600.         1600.         1600.         1600.
 1600.         1600.         1600.         1600.         1600.
 1600.         1600.         1600.         1600.         1600.
 1600.         1600.         1600.         1600.         1600.
 1600.         1600.         1600.         1600.         1600.
 1600.        ]"
13,"[ 798.1         811.66666667  824.06666667  837.3         851.1
  863.86666667  876.16666667  888.83333333  900.56666667  912.03333333
  923.          934.06666667  946.13333333  956.96666667  968.26666667
  980.56666667  992.8        1003.3        1014.53333333 1025.7
 1038.83333333 1049.16666667 1061.16666667 1072.1        1083.3
 1094.         1102.96666667 1114.53333333 1124.63333333 1134.33333333
 1145.66666667 1156.56666667 1167.56666667 1176.5        1186.46666667
 1196.3        1206.6        1216.03333333 1224.96666667 1233.83333333
 1242.86666667 1251.53333333 1260.23333333 1268.43333333 1276.36666667
 1285.3        1292.63333333 1301.         1309.1        1316.86666667
 1325.3        1332.96666667 1339.83333333 1346.8        1355.03333333
 1361.63333333 1367.9        1374.1        1380.46666667 1386.16666667
 1391.23333333 1397.53333333 1403.63333333 1409.2        1415.3
 1420.83333333 1425.63333333 1431.13333333 1436.3        1441.33333333
 1446.8        1450.96666667 1455.13333333 1460.1        1464.4
 1468.7        1472.63333333 1477.06666667 1480.4        1484.13333333
 1487.5        1491.36666667 1495.4        1498.66666667 1502.16666667
 1504.76666667 1508.36666667 1511.2        1514.46666667 1517.26666667
 1519.5        1521.96666667 1524.8        1527.16666667 1529.43333333
 1531.93333333 1533.73333333 1536.16666667 1538.16666667 1540.4
 1542.56666667 1544.93333333 1546.8        1548.6        1550.53333333
 1552.56666667 1554.53333333 1555.73333333 1557.4        1558.96666667
 1560.16666667 1561.96666667 1563.33333333 1564.43333333 1565.93333333
 1567.36666667 1568.53333333 1570.13333333 1571.06666667 1572.06666667
 1572.86666667 1573.86666667 1575.46666667 1576.5        1577.26666667
 1578.16666667 1578.6        1579.4        1580.1        1580.93333333
 1581.73333333 1582.36666667 1582.8        1583.63333333 1584.56666667
 1585.36666667 1585.86666667 1586.26666667 1586.53333333 1586.9
 1587.46666667 1588.13333333 1588.43333333 1588.96666667 1589.23333333
 1589.53333333 1589.93333333 1590.03333333 1590.56666667 1591.
 1591.46666667 1591.83333333 1592.23333333 1592.5        1592.96666667
 1593.23333333 1593.46666667 1593.6        1593.93333333 1594.26666667
 1594.33333333 1594.56666667 1594.76666667 1594.86666667 1595.
 1595.13333333 1595.4        1595.56666667 1595.73333333 1595.83333333
 1596.03333333 1596.2        1596.43333333 1596.6        1596.86666667
 1596.93333333 1597.06666667 1597.36666667 1597.56666667 1597.63333333
 1597.73333333 1597.83333333 1597.9        1598.13333333 1598.26666667
 1598.26666667 1598.4        1598.46666667 1598.5        1598.46666667
 1598.56666667 1598.6        1598.66666667 1598.83333333 1598.86666667
 1598.96666667 1599.03333333 1599.13333333 1599.16666667 1599.16666667
 1599.26666667 1599.26666667 1599.3        1599.4        1599.4
 1599.43333333 1599.46666667 1599.46666667 1599.46666667 1599.5
 1599.53333333 1599.53333333 1599.53333333 1599.56666667 1599.56666667
 1599.6        1599.6        1599.63333333 1599.63333333 1599.63333333
 1599.63333333 1599.63333333 1599.66666667 1599.73333333 1599.73333333
 1599.76666667 1599.76666667 1599.76666667 1599.76666667 1599.8
 1599.83333333 1599.83333333 1599.83333333 1599.83333333 1599.83333333
 1599.83333333 1599.83333333 1599.83333333 1599.83333333 1599.83333333
 1599.83333333 1599.83333333 1599.83333333 1599.83333333 1599.9
 1599.9        1599.9        1599.9        1599.9        1599.9
 1599.9        1599.9        1599.9        1599.9        1599.9
 1599.93333333 1599.93333333 1599.93333333 1599.93333333 1599.93333333
 1599.93333333 1599.93333333 1599.93333333 1599.93333333 1599.93333333
 1599.93333333 1599.96666667 1599.96666667 1599.96666667 1599.96666667
 1599.96666667 1599.96666667 1599.96666667 1599.96666667 1599.96666667
 1599.96666667 1599.96666667 1599.96666667 1599.96666667 1599.96666667
 1599.96666667 1599.96666667 1599.96666667 1599.96666667 1599.96666667
 1599.96666667 1599.96666667 1599.96666667 1599.96666667 1599.96666667
 1599.96666667 1599.96666667 1599.96666667 1599.96666667 1599.96666667
 1599.96666667 1599.96666667 1599.96666667 1600.         1600.
 1600.         1600.         1600.         1600.         1600.
 1600.         1600.         1600.         1600.         1600.
 1600.         1600.         1600.         1600.         1600.
 1600.         1600.         1600.         1600.         1600.
 1600.         1600.         1600.         1600.         1600.
 1600.         1600.         1600.         1600.         1600.
 1600.         1600.         1600.         1600.         1600.
 1600.         1600.         1600.         1600.         1600.
 1600.         1600.         1600.         1600.         1600.
 1600.         1600.         1600.         1600.         1600.
 1600.         1600.         1600.         1600.         1600.
 1600.         1600.         1600.         1600.         1600.
 1600.         1600.         1600.         1600.         1600.
 1600.         1600.         1600.         1600.         1600.
 1600.         1600.         1600.         1600.         1600.
 1600.         1600.         1600.         1600.         1600.
 1600.         1600.         1600.         1600.         1600.
 1600.         1600.         1600.         1600.         1600.
 1600.         1600.         1600.         1600.         1600.
 1600.         1600.         1600.         1600.         1600.
 1600.        ]"
14,"[ 797.83333333  810.1         822.06666667  835.2         847.46666667
  861.1         873.9         885.83333333  896.9         909.3
  922.2         934.56666667  948.13333333  960.13333333  973.23333333
  984.8         996.9        1009.86666667 1022.7        1035.2
 1045.86666667 1057.26666667 1068.23333333 1080.86666667 1092.36666667
 1103.16666667 1115.36666667 1126.6        1138.06666667 1149.46666667
 1159.43333333 1170.7        1180.36666667 1190.36666667 1200.33333333
 1209.96666667 1219.53333333 1229.63333333 1239.53333333 1248.86666667
 1259.1        1268.93333333 1277.56666667 1286.16666667 1294.76666667
 1302.76666667 1310.8        1319.13333333 1327.         1334.2
 1342.16666667 1349.83333333 1356.16666667 1363.33333333 1369.8
 1376.46666667 1382.76666667 1388.4        1394.63333333 1400.13333333
 1406.4        1412.3        1418.4        1423.96666667 1429.63333333
 1435.53333333 1440.3        1444.6        1449.8        1454.5
 1459.33333333 1463.03333333 1467.         1471.6        1475.9
 1479.8        1483.5        1487.33333333 1491.13333333 1494.5
 1497.96666667 1501.63333333 1504.36666667 1507.9        1510.86666667
 1513.96666667 1516.83333333 1518.86666667 1521.96666667 1524.83333333
 1527.56666667 1530.76666667 1533.03333333 1534.96666667 1537.3
 1539.63333333 1541.53333333 1544.         1546.46666667 1548.43333333
 1550.53333333 1552.33333333 1554.         1555.83333333 1557.56666667
 1559.26666667 1560.6        1562.26666667 1563.26666667 1564.6
 1565.93333333 1567.26666667 1568.43333333 1569.9        1571.06666667
 1572.13333333 1573.1        1574.4        1575.46666667 1576.26666667
 1577.26666667 1577.83333333 1578.63333333 1579.46666667 1580.4
 1581.03333333 1581.56666667 1582.03333333 1582.3        1583.13333333
 1583.76666667 1584.26666667 1584.86666667 1585.7        1586.4
 1586.9        1587.36666667 1588.         1588.3        1588.8
 1589.13333333 1589.4        1589.73333333 1590.1        1590.5
 1590.73333333 1591.16666667 1591.5        1591.8        1592.2
 1592.46666667 1592.7        1592.93333333 1593.26666667 1593.53333333
 1593.8        1593.96666667 1594.16666667 1594.46666667 1594.7
 1595.06666667 1595.13333333 1595.3        1595.43333333 1595.53333333
 1595.83333333 1595.96666667 1596.         1596.16666667 1596.36666667
 1596.46666667 1596.73333333 1596.9        1596.96666667 1597.03333333
 1597.06666667 1597.13333333 1597.23333333 1597.36666667 1597.53333333
 1597.66666667 1597.73333333 1597.9        1598.06666667 1598.23333333
 1598.26666667 1598.5        1598.5        1598.6        1598.7
 1598.8        1598.83333333 1598.86666667 1598.93333333 1599.
 1599.         1598.96666667 1599.         1599.03333333 1599.06666667
 1599.1        1599.13333333 1599.13333333 1599.13333333 1599.2
 1599.26666667 1599.33333333 1599.36666667 1599.43333333 1599.5
 1599.53333333 1599.5        1599.53333333 1599.56666667 1599.6
 1599.63333333 1599.63333333 1599.63333333 1599.66666667 1599.7
 1599.76666667 1599.76666667 1599.76666667 1599.76666667 1599.73333333
 1599.73333333 1599.73333333 1599.73333333 1599.73333333 1599.73333333
 1599.73333333 1599.73333333 1599.73333333 1599.73333333 1599.73333333
 1599.76666667 1599.76666667 1599.76666667 1599.76666667 1599.76666667
 1599.8        1599.76666667 1599.8        1599.83333333 1599.83333333
 1599.83333333 1599.83333333 1599.83333333 1599.83333333 1599.83333333
 1599.83333333 1599.83333333 1599.83333333 1599.83333333 1599.83333333
 1599.83333333 1599.86666667 1599.86666667 1599.9        1599.9
 1599.9        1599.9        1599.93333333 1599.93333333 1599.93333333
 1599.93333333 1599.93333333 1599.93333333 1599.93333333 1599.93333333
 1599.93333333 1599.93333333 1599.93333333 1599.93333333 1599.93333333
 1599.96666667 1600.         1600.         1600.         1600.
 1600.         1600.         1600.         1600.         1600.
 1600.         1600.         1600.         1600.         1600.
 1600.         1600.         1600.         1600.         1600.
 1600.         1600.         1600.         1600.         1600.
 1600.         1600.         1600.         1600.         1600.
 1600.         1600.         1600.         1600.         1600.
 1600.         1600.         1600.         1600.         1600.
 1600.         1600.         1600.         1600.         1600.
 1600.         1600.         1600.         1600.         1600.
 1600.         1600.         1600.         1600.         1600.
 1600.         1600.         1600.         1600.         1600.
 1600.         1600.         1600.         1600.         1600.
 1600.         1600.         1600.         1600.         1600.
 1600.         1600.         1600.         1600.         1600.
 1600.         1600.         1600.         1600.         1600.
 1600.         1600.         1600.         1600.         1600.
 1600.         1600.         1600.         1600.         1600.
 1600.         1600.         1600.         1600.         1600.
 1600.         1600.         1600.         1600.         1600.
 1600.         1600.         1600.         1600.         1600.
 1600.         1600.         1600.         1600.         1600.
 1600.         1600.         1600.         1600.         1600.
 1600.         1600.         1600.         1600.         1600.
 1600.         1600.         1600.         1600.         1600.
 1600.        ]"
15,"[ 802.66666667  813.33333333  825.86666667  840.1         853.63333333
  867.06666667  879.23333333  893.66666667  906.5         919.76666667
  932.36666667  946.36666667  959.66666667  972.56666667  985.16666667
  998.16666667 1010.5        1023.33333333 1035.83333333 1048.56666667
 1060.3        1072.66666667 1084.8        1097.5        1108.56666667
 1119.1        1132.16666667 1142.66666667 1153.86666667 1164.46666667
 1175.3        1186.23333333 1198.03333333 1207.36666667 1218.16666667
 1227.56666667 1238.2        1248.46666667 1257.56666667 1267.73333333
 1277.46666667 1286.26666667 1293.93333333 1304.4        1313.16666667
 1320.6        1328.4        1336.1        1343.93333333 1351.26666667
 1358.3        1364.96666667 1371.56666667 1378.66666667 1384.6
 1391.63333333 1398.33333333 1404.8        1410.63333333 1416.93333333
 1421.96666667 1428.23333333 1433.46666667 1439.46666667 1444.7
 1450.13333333 1455.26666667 1460.13333333 1464.8        1469.33333333
 1473.53333333 1476.96666667 1481.83333333 1486.5        1490.2
 1494.3        1497.56666667 1501.23333333 1505.43333333 1508.53333333
 1511.53333333 1514.6        1517.5        1520.26666667 1522.93333333
 1525.26666667 1528.43333333 1531.         1533.7        1536.
 1538.63333333 1541.43333333 1543.5        1545.33333333 1547.36666667
 1549.5        1551.86666667 1554.         1555.6        1557.2
 1558.93333333 1560.9        1562.8        1564.3        1565.33333333
 1566.8        1568.4        1569.6        1570.9        1571.9
 1573.13333333 1574.43333333 1575.63333333 1576.5        1577.3
 1578.26666667 1579.56666667 1580.36666667 1581.1        1581.96666667
 1582.83333333 1583.16666667 1583.7        1584.66666667 1585.06666667
 1585.7        1586.2        1586.56666667 1587.16666667 1587.3
 1587.93333333 1588.33333333 1588.83333333 1589.16666667 1589.6
 1590.1        1590.43333333 1590.96666667 1591.36666667 1591.56666667
 1592.03333333 1592.23333333 1592.66666667 1593.         1593.2
 1593.43333333 1593.76666667 1594.16666667 1594.26666667 1594.43333333
 1594.8        1594.86666667 1595.16666667 1595.36666667 1595.73333333
 1595.8        1595.9        1596.2        1596.5        1596.5
 1596.66666667 1596.86666667 1596.96666667 1596.96666667 1597.03333333
 1597.16666667 1597.3        1597.3        1597.3        1597.43333333
 1597.46666667 1597.53333333 1597.7        1597.8        1597.86666667
 1598.06666667 1598.13333333 1598.1        1598.13333333 1598.2
 1598.26666667 1598.33333333 1598.33333333 1598.4        1598.5
 1598.56666667 1598.63333333 1598.63333333 1598.66666667 1598.7
 1598.8        1598.8        1598.8        1598.86666667 1599.
 1599.06666667 1599.2        1599.2        1599.16666667 1599.2
 1599.2        1599.23333333 1599.33333333 1599.4        1599.4
 1599.46666667 1599.5        1599.5        1599.5        1599.53333333
 1599.56666667 1599.6        1599.6        1599.6        1599.6
 1599.6        1599.6        1599.6        1599.63333333 1599.7
 1599.7        1599.7        1599.7        1599.73333333 1599.73333333
 1599.76666667 1599.8        1599.8        1599.8        1599.8
 1599.8        1599.8        1599.8        1599.8        1599.83333333
 1599.83333333 1599.83333333 1599.83333333 1599.83333333 1599.86666667
 1599.86666667 1599.9        1599.9        1599.9        1599.9
 1599.93333333 1599.93333333 1599.93333333 1599.93333333 1599.93333333
 1599.93333333 1599.93333333 1599.96666667 1599.96666667 1599.96666667
 1599.96666667 1599.96666667 1599.96666667 1599.96666667 1599.96666667
 1599.96666667 1599.96666667 1599.96666667 1599.96666667 1599.96666667
 1599.96666667 1599.96666667 1599.96666667 1599.96666667 1599.96666667
 1599.96666667 1600.         1600.         1600.         1600.
 1600.         1600.         1600.         1600.         1600.
 1600.         1600.         1600.         1600.         1600.
 1600.         1600.         1600.         1600.         1600.
 1600.         1600.         1600.         1600.         1600.
 1600.         1600.         1600.         1600.         1600.
 1600.         1600.         1600.         1600.         1600.
 1600.         1600.         1600.         1600.         1600.
 1600.         1600.         1600.         1600.         1600.
 1600.         1600.         1600.         1600.         1600.
 1600.         1600.         1600.         1600.         1600.
 1600.         1600.         1600.         1600.         1600.
 1600.         1600.         1600.         1600.         1600.
 1600.         1600.         1600.         1600.         1600.
 1600.         1600.         1600.         1600.         1600.
 1600.         1600.         1600.         1600.         1600.
 1600.         1600.         1600.         1600.         1600.
 1600.         1600.         1600.         1600.         1600.
 1600.         1600.         1600.         1600.         1600.
 1600.         1600.         1600.         1600.         1600.
 1600.         1600.         1600.         1600.         1600.
 1600.         1600.         1600.         1600.         1600.
 1600.         1600.         1600.         1600.         1600.
 1600.         1600.         1600.         1600.         1600.
 1600.         1600.         1600.         1600.         1600.
 1600.         1600.         1600.         1600.         1600.
 1600.        ]"
